,,,,,,maxerr,err050,err075,err200,err_train,err_val,regparams,objval,time,gurobifail
LBFGSB,DMA1,DW,nongrouped,set001,0,4.998630940239892,79.62119832453105,89.14587506829356,99.0894190493535,2.0173444536407317,2.6923056740302638,0.0,2.017344447041978,107.75015311446803,False
LBFGSB,DMA1,DW,nongrouped,set001,1,4.998630941258995,79.62119832453105,89.14587506829356,99.0894190493535,2.0173444535715546,2.6923056704317374,1e-15,2.017344446977082,107.6475133868236,False
LBFGSB,DMA1,DW,nongrouped,set001,2,4.998630948927996,79.62119832453105,89.14587506829356,99.0894190493535,2.0173444537478606,2.6923056686395745,1e-14,2.017344447237029,107.54597368826236,False
LBFGSB,DMA1,DW,nongrouped,set001,3,4.9986310431350205,79.62119832453105,89.14587506829356,99.0894190493535,2.0173444559372067,2.692305657249067,1e-13,2.0173444501129865,108.99274801977657,False
LBFGSB,DMA1,DW,nongrouped,set001,4,4.998631979927694,79.62119832453105,89.14587506829356,99.0894190493535,2.017344477501005,2.6923055359136225,1e-12,2.0173444787270354,107.00251099173695,False
LBFGSB,DMA1,DW,nongrouped,set001,5,4.998641325170112,79.62119832453105,89.14587506829356,99.0894190493535,2.0173446926629803,2.692304296119012,1.0000000000000001e-11,2.0173447646780445,107.55355370981815,False
LBFGSB,DMA1,DW,nongrouped,set001,6,4.998733381103889,79.62119832453105,89.14587506829356,99.0894190493535,2.017346858464031,2.6922912532277183,1e-10,2.017347638185102,108.36261697432126,False
LBFGSB,DMA1,DW,nongrouped,set001,7,4.999515264159399,79.62119832453105,89.14587506829356,99.0894190493535,2.0173700101236345,2.692096707970831,1e-09,2.0173778630425536,107.34361837715771,False
LBFGSB,DMA1,DW,nongrouped,set001,8,4.98932818285401,79.49371699144055,89.10945183026772,99.0894190493535,2.0179555875326574,2.6885507173012777,1e-08,2.018033262331955,105.90232195096915,False
LBFGSB,DMA1,DW,nongrouped,set001,9,5.037122217390689,78.54671280276817,89.00018211619013,99.16226552540522,2.0440053131005436,2.715968815475721,1e-07,2.0446747636945823,66.69291567584213,False
LBFGSB,DMA1,DW,nongrouped,set001,10,5.008457834797596,79.23875432525952,89.23693316335822,99.10763066836643,2.0202961817185687,2.7084256173035253,1e-06,2.0275338012740947,103.91475245068688,False
LBFGSB,DMA1,DW,nongrouped,set001,11,5.024036889350143,79.78510289564741,89.27335640138409,99.10763066836643,2.03549293792239,2.6965740241550207,9.999999999999999e-06,2.100057443314471,74.53433100097514,False
LBFGSB,DMA1,DW,nongrouped,set001,12,5.020760278608535,81.56984155891459,89.85612820979784,99.10763066836643,2.133280857102455,2.6645325284952963,0.0001,2.6074172162897797,60.725094948077945,False
LBFGSB,DMA1,DW,nongrouped,set001,13,4.990223446138856,70.84319796029867,83.75523584046621,98.94372609725005,3.203567699720548,3.315488004320454,0.001,4.8884584576609615,53.9745282534686,False
LBFGSB,DMA1,DW,nongrouped,set001,14,5.100259713853859,63.394645784010194,71.71735567291933,96.24840648333637,6.3604456418375745,6.361883045523895,0.01,13.371642551354762,33.92899722854259,False
LBFGSB,DMA1,DW,nongrouped,set001,15,7.433543686169045,52.06701875796759,65.3797122564196,87.03332726279366,26.075052381502324,24.51857115529985,0.1,38.69762281732746,26.073818709048297,False
LBFGSB,DMA1,DW,grouped,set001,0,4.875016657154703,70.02367510471682,87.28828992897468,98.81624476415953,2.640147605997001,3.381382770578833,0.0,2.6401475995517103,88.42017390039861,False
LBFGSB,DMA1,DW,grouped,set001,1,4.875016657153736,70.02367510471682,87.28828992897468,98.81624476415953,2.6401476059960647,3.381382770572481,1e-15,2.6401475995668964,87.57417155663525,False
LBFGSB,DMA1,DW,grouped,set001,2,4.875016657153196,70.02367510471682,87.28828992897468,98.81624476415953,2.6401476059975435,3.3813827705919617,1e-14,2.6401475995580506,87.16655261492139,False
LBFGSB,DMA1,DW,grouped,set001,3,4.875016657152202,70.02367510471682,87.28828992897468,98.81624476415953,2.6401476060079054,3.3813827708388122,1e-13,2.6401475996296657,87.12642208269892,False
LBFGSB,DMA1,DW,grouped,set001,4,4.875016657124462,70.02367510471682,87.28828992897468,98.81624476415953,2.640147606103929,3.381382773155736,1e-12,2.6401476003167135,87.26078473303338,False
LBFGSB,DMA1,DW,grouped,set001,5,4.875016656855692,70.02367510471682,87.28828992897468,98.81624476415953,2.640147607059725,3.381382796375804,1.0000000000000001e-11,2.6401476069834637,87.73499093288625,False
LBFGSB,DMA1,DW,grouped,set001,6,4.875016654162067,70.02367510471682,87.28828992897468,98.81624476415953,2.640147616618945,3.3813830284662485,1e-10,2.6401476735927556,87.674245547705,False
LBFGSB,DMA1,DW,grouped,set001,7,4.875016627125575,70.02367510471682,87.28828992897468,98.81624476415953,2.640147712241774,3.381385349353935,1e-09,2.6401483398598824,87.77918370314612,False
LBFGSB,DMA1,DW,grouped,set001,8,4.875016344238787,70.02367510471682,87.28828992897468,98.81624476415953,2.640148667761131,3.381408513761409,1e-08,2.6401550016023685,87.27177646998443,False
LBFGSB,DMA1,DW,grouped,set001,9,4.875012402792521,70.02367510471682,87.28828992897468,98.81624476415953,2.6401581456245005,3.3816364804375985,1e-07,2.6402215382207235,84.63348202829624,False
LBFGSB,DMA1,DW,grouped,set001,10,4.874910560602402,70.00546348570388,87.28828992897468,98.81624476415953,2.6402592235947067,3.3835657825448946,1e-06,2.640892869480753,84.73113869262484,False
LBFGSB,DMA1,DW,grouped,set001,11,4.8683507792970175,69.78692405754872,87.17902021489711,98.7980331451466,2.639234262968669,3.4049915850446317,9.999999999999999e-06,2.645523535119606,80.47425410158588,False
LBFGSB,DMA1,DW,grouped,set001,12,4.911876522239638,70.53360043707886,87.65252230923329,98.90730285922419,2.6285258916599323,3.3016376161801104,0.0001,2.6924657162081695,128.53458804509606,False
LBFGSB,DMA1,DW,grouped,set001,13,4.958216551944531,73.01038062283737,88.45383354580221,98.87087962119833,2.6168708493988437,3.2218610900612448,0.001,3.2562376495663,83.59040981643372,False
LBFGSB,DMA1,DW,grouped,set001,14,4.839646414511762,66.5270442542342,84.19231469677653,96.2119832453105,3.806118511195463,5.341976232737962,0.01,7.425612752342821,120.9829764939353,False
LBFGSB,DMA1,DW,grouped,set001,15,5.679605271416037,56.1099981788381,65.1975960662903,90.4206883991987,13.314631855702222,14.681956344181996,0.1,19.573347261534657,40.38646134501223,False
LBFGSB,DMA1,HW,nongrouped,set001,0,5.094920727949045,72.46403205244947,85.86778364596613,98.70697505008195,2.578866422642849,3.4214814871191224,0.0,2.5788663848361466,117.21573956854225,False
LBFGSB,DMA1,HW,nongrouped,set001,1,5.094932874349311,72.46403205244947,85.86778364596613,98.70697505008195,2.5788626557841434,3.4214798458726783,1e-15,2.5788626180414553,117.1400124886661,False
LBFGSB,DMA1,HW,nongrouped,set001,2,5.0950451424475744,72.46403205244947,85.86778364596613,98.70697505008195,2.578827237450377,3.421462001173539,1e-14,2.578827200521469,122.40536841565019,False
LBFGSB,DMA1,HW,nongrouped,set001,3,5.09577245196121,72.40939719541068,85.86778364596613,98.70697505008195,2.5785260874632066,3.4210849822929346,1e-13,2.578526058759029,129.0701097462919,False
LBFGSB,DMA1,HW,nongrouped,set001,4,5.0881332922964475,72.68257148060464,85.90420688399199,98.72518666909488,2.576442392606505,3.403575365931692,1e-12,2.576442437223494,125.68558927685491,False
LBFGSB,DMA1,HW,nongrouped,set001,5,5.263035231992447,71.66272081588053,85.95884174103078,98.9801493352759,2.5888088099971043,3.3430233138334233,1.0000000000000001e-11,2.5888096633113,122.66346209775375,False
LBFGSB,DMA1,HW,nongrouped,set001,6,5.1248402033689615,72.30012748133309,85.63103259879803,98.94372609725005,2.5642785707331806,3.384470688909545,1e-10,2.564287165207861,127.77331916240398,False
LBFGSB,DMA1,HW,nongrouped,set001,7,5.094412741318791,72.71899471863048,86.12274631214714,98.72518666909488,2.5659527614806787,3.3996141931234876,1e-09,2.566041937514936,115.69897652815082,False
LBFGSB,DMA1,HW,nongrouped,set001,8,5.037041446857302,71.99052995811329,85.57639774175925,98.54307047896557,2.60472140128772,3.551084250492094,1e-08,2.605436174066706,115.69945597317503,False
LBFGSB,DMA1,HW,nongrouped,set001,9,5.122982543493123,72.50045529047532,85.8495720269532,98.92551447823712,2.5787873658325227,3.3496818105728097,1e-07,2.5943940068590154,89.20471318837356,False
LBFGSB,DMA1,HW,nongrouped,set001,10,4.996222446719159,73.01038062283737,86.52340193043162,98.99836095428883,2.5970139587832937,3.1821036999713965,1e-06,2.7147633325051292,91.88473346107129,False
LBFGSB,DMA1,HW,nongrouped,set001,11,5.138201766581744,72.51866690948825,86.6326716445092,98.9801493352759,2.405543273703572,3.255123756814922,9.999999999999999e-06,2.8285399981624586,165.10756676304038,False
LBFGSB,DMA1,HW,nongrouped,set001,12,5.239866927783396,68.8217082498634,82.13440174831543,97.74175924239665,3.3451489197267983,4.4369861366402255,0.0001,6.030052058123774,147.77157630917148,False
LBFGSB,DMA1,HW,nongrouped,set001,13,8.052951269865986,55.162993990165724,66.41777454015661,90.51174649426335,13.891745651382749,12.795714763970116,0.001,24.825164688110352,36.2630805946658,False
LBFGSB,DMA1,HW,nongrouped,set001,14,12.994308500715348,37.35203059551994,41.121835731196505,59.64305226734656,86.55859429954593,77.80952441902265,0.01,131.32810042239902,28.403259884009376,False
LBFGSB,DMA1,HW,nongrouped,set001,15,16.619473711739445,34.41995993443817,36.769258787106175,51.520670187579675,176.04215559236036,160.9818474876626,0.1,177.2723237284459,5.8196995877029405,False
LBFGSB,DMA1,HW,grouped,set001,0,5.683247360280177,54.43452922964852,71.55345110180295,98.83445638317247,4.00918049240635,5.093243009592142,0.0,4.009180483277305,59.450278001129114,False
LBFGSB,DMA1,HW,grouped,set001,1,5.683247360281129,54.43452922964852,71.55345110180295,98.83445638317247,4.009180492406319,5.093243009600079,1e-15,4.009180483294181,59.55139171642174,False
LBFGSB,DMA1,HW,grouped,set001,2,5.6832473602921425,54.43452922964852,71.55345110180295,98.83445638317247,4.00918049243364,5.093243008080371,1e-14,4.009180483489719,59.522654525858385,False
LBFGSB,DMA1,HW,grouped,set001,3,5.683247360152592,54.43452922964852,71.55345110180295,98.83445638317247,4.009180492708534,5.093242993417346,1e-13,4.009180485314137,60.05477092706961,False
LBFGSB,DMA1,HW,grouped,set001,4,5.6832473588284955,54.43452922964852,71.55345110180295,98.83445638317247,4.009180495469556,5.093242845996512,1e-12,4.009180503165416,59.68026662446752,False
LBFGSB,DMA1,HW,grouped,set001,5,5.683247346036055,54.43452922964852,71.55345110180295,98.83445638317247,4.009180523052242,5.09324137196531,1.0000000000000001e-11,4.009180682667791,59.608216430294426,False
LBFGSB,DMA1,HW,grouped,set001,6,5.683247262374223,54.43452922964852,71.55345110180295,98.83445638317247,4.009180796188566,5.093226648815204,1e-10,4.009182474670565,59.39566959779652,False
LBFGSB,DMA1,HW,grouped,set001,7,5.683250712190343,54.43452922964852,71.55345110180295,98.83445638317247,4.009183268924378,5.093081099728507,1e-09,4.0092001362573155,59.113646433887055,False
LBFGSB,DMA1,HW,grouped,set001,8,5.683604268546347,54.43452922964852,71.57166272081588,98.83445638317247,4.009190013177578,5.091760970030035,1e-08,4.009358816150639,59.23619531931637,False
LBFGSB,DMA1,HW,grouped,set001,9,5.675330886616919,54.41631761063559,71.58987433982881,98.83445638317247,4.009671109412655,5.087759554609551,1e-07,4.0113615208854005,57.330641284450756,False
LBFGSB,DMA1,HW,grouped,set001,10,5.671785323997241,54.4891640866873,71.60808595884174,98.83445638317247,4.009900732555189,5.088799494970825,1e-06,4.026729780624409,55.73331779378304,False
LBFGSB,DMA1,HW,grouped,set001,11,5.690111973809707,54.179566563467496,71.02531415042797,98.81624476415953,4.054984220092773,5.131858839542801,9.999999999999999e-06,4.24188966477174,64.41452876670145,False
LBFGSB,DMA1,HW,grouped,set001,12,5.125242746889782,69.49553815334183,85.376069932617,98.81624476415953,2.724710734775862,3.543923587030813,0.0001,3.99278890298085,135.17032787025474,False
LBFGSB,DMA1,HW,grouped,set001,13,6.600542488625621,47.42305590967037,66.25386996904025,96.64906210162083,6.354217795095979,7.7643915425641525,0.001,13.399199172820373,63.329008776281796,False
LBFGSB,DMA1,HW,grouped,set001,14,8.21171937992601,37.3884538335458,47.09524676743763,85.8495720269532,22.607616720382076,26.261318888171765,0.01,41.290603422626155,22.222042067986244,False
LBFGSB,DMA1,HW,grouped,set001,15,13.854865977014256,38.66326716445092,43.36186486978693,61.8284465488982,113.75811577146844,105.02541896585848,0.1,153.83651024981663,9.64804201666296,False
LBFGSB,DMA2,DW,nongrouped,set001,0,3.3569895050494125,86.29373317954632,95.02114571318724,99.63475586312957,0.9975848674174028,1.3533381493279812,0.0,0.997584870987339,62.12266607359759,False
LBFGSB,DMA2,DW,nongrouped,set001,1,3.3569895052105636,86.29373317954632,95.02114571318724,99.63475586312957,0.9975848674150729,1.353338149364925,1e-15,0.9975848709881757,60.74863009597454,False
LBFGSB,DMA2,DW,nongrouped,set001,2,3.356989505477955,86.29373317954632,95.02114571318724,99.63475586312957,0.9975848674110697,1.3533381494265484,1e-14,0.9975848710102583,60.537184147947926,False
LBFGSB,DMA2,DW,nongrouped,set001,3,3.356989505133356,86.29373317954632,95.02114571318724,99.63475586312957,0.9975848674153536,1.3533381493559877,1e-13,0.9975848711146688,60.57613296152464,False
LBFGSB,DMA2,DW,nongrouped,set001,4,3.3569895051910805,86.29373317954632,95.02114571318724,99.63475586312957,0.9975848674075666,1.3533381494488108,1e-12,0.9975848718386311,60.642460609378475,False
LBFGSB,DMA2,DW,nongrouped,set001,5,3.356989502640346,86.29373317954632,95.02114571318724,99.63475586312957,0.997584867374164,1.3533381496644856,1.0000000000000001e-11,0.9975848793110854,61.65788154585736,False
LBFGSB,DMA2,DW,nongrouped,set001,6,3.3569894798337288,86.29373317954632,95.02114571318724,99.63475586312957,0.9975848670007428,1.3533381524355592,1e-10,0.9975849542684495,60.918210784733034,False
LBFGSB,DMA2,DW,nongrouped,set001,7,3.3569892510770103,86.29373317954632,95.02114571318724,99.63475586312957,0.9975848632770398,1.3533381799897193,1e-09,0.9975857035937278,60.83388534378047,False
LBFGSB,DMA2,DW,nongrouped,set001,8,3.3569869634599883,86.29373317954632,95.02114571318724,99.63475586312957,0.9975848260649431,1.353338455585841,1e-08,0.9975931969376627,60.67427163704173,False
LBFGSB,DMA2,DW,nongrouped,set001,9,3.3569641903527696,86.29373317954632,95.02114571318724,99.63475586312957,0.9975844548220033,1.3533412416701733,1e-07,0.9976681214476696,60.8143897661369,False
LBFGSB,DMA2,DW,nongrouped,set001,10,3.3567462878924488,86.29373317954632,95.02114571318724,99.63475586312957,0.9975808470879334,1.35337199925927,1e-06,0.9984164906641129,60.76726258703574,False
LBFGSB,DMA2,DW,nongrouped,set001,11,3.393299016902759,86.27450980392157,94.98269896193771,99.63475586312957,0.9967937994534989,1.3629306709286948,9.999999999999999e-06,1.004961319864077,67.47262116572288,False
LBFGSB,DMA2,DW,nongrouped,set001,12,3.3865855426684135,85.69780853517878,94.67512495194156,99.67320261437908,1.0093552066658078,1.4078469435487488,0.0001,1.0811682420033626,51.428182043693226,False
LBFGSB,DMA2,DW,nongrouped,set001,13,3.3383197737742023,83.5447904652057,93.79084967320262,99.73087274125336,1.0844158175851601,1.5107732743995528,0.001,1.6142982257262242,51.10085025576104,False
LBFGSB,DMA2,DW,nongrouped,set001,14,3.2821012453083256,68.37754709727028,82.46828143021915,99.65397923875432,2.1473546679513458,3.025234703032922,0.01,4.935859594477893,37.84632995740167,False
LBFGSB,DMA2,DW,nongrouped,set001,15,3.7301702669618777,45.001922337562476,52.55670895809305,89.600153787005,9.726355278727704,12.165282852001457,0.1,14.183136002697257,25.093898944451098,False
LBFGSB,DMA2,DW,grouped,set001,0,3.3536342439231532,85.39023452518262,94.92502883506344,99.67320261437908,1.0369011870587852,1.4025339871803844,0.0,1.0369011857983423,94.67272167382342,False
LBFGSB,DMA2,DW,grouped,set001,1,3.35363424408618,85.39023452518262,94.92502883506344,99.67320261437908,1.0369011867730733,1.4025339867433022,1e-15,1.036901185507465,93.80528800916976,False
LBFGSB,DMA2,DW,grouped,set001,2,3.3536342439429205,85.39023452518262,94.92502883506344,99.67320261437908,1.0369011871161038,1.4025339872701845,1e-14,1.036901185858161,93.7085637178588,False
LBFGSB,DMA2,DW,grouped,set001,3,3.353634243865727,85.39023452518262,94.92502883506344,99.67320261437908,1.0369011872483518,1.4025339874724472,1e-13,1.0369011859890744,94.42632371306861,False
LBFGSB,DMA2,DW,grouped,set001,4,3.3536342439321487,85.39023452518262,94.92502883506344,99.67320261437908,1.0369011871037115,1.4025339872613056,1e-12,1.0369011859885366,94.18077087574633,False
LBFGSB,DMA2,DW,grouped,set001,5,3.3536342442665017,85.39023452518262,94.92502883506344,99.67320261437908,1.0369011865494686,1.402533986514775,1.0000000000000001e-11,1.0369011868562743,94.08341787418952,False
LBFGSB,DMA2,DW,grouped,set001,6,3.353634247962276,85.39023452518262,94.92502883506344,99.67320261437908,1.036901180776493,1.4025339786981206,1e-10,1.0369011956209628,93.75873137392435,False
LBFGSB,DMA2,DW,grouped,set001,7,3.3536342852534204,85.39023452518262,94.92502883506344,99.67320261437908,1.0369011226116998,1.4025338998791632,1e-09,1.0369012824239436,95.31499024857578,False
LBFGSB,DMA2,DW,grouped,set001,8,3.353634657120537,85.39023452518262,94.92502883506344,99.67320261437908,1.0369005422955309,1.4025331136426002,1e-08,1.0369021519194537,94.66738875677895,False
LBFGSB,DMA2,DW,grouped,set001,9,3.3536383853187886,85.39023452518262,94.92502883506344,99.67320261437908,1.0368947284725887,1.4025252276356714,1e-07,1.0369108374219798,95.12915932458556,False
LBFGSB,DMA2,DW,grouped,set001,10,3.35367646500913,85.39023452518262,94.92502883506344,99.67320261437908,1.0368359086844583,1.4024445821780611,1e-06,1.0369971176817547,94.40527389526628,False
LBFGSB,DMA2,DW,grouped,set001,11,3.3532283632791007,85.39023452518262,94.92502883506344,99.67320261437908,1.0365622899861262,1.402042640032453,9.999999999999999e-06,1.038179008722896,93.7402348895694,False
LBFGSB,DMA2,DW,grouped,set001,12,3.3614267475229695,85.33256439830834,94.86735870818916,99.65397923875432,1.0295739874045204,1.3951468626980938,0.0001,1.0471301836228846,116.2671590850769,False
LBFGSB,DMA2,DW,grouped,set001,13,3.308578662594229,84.83275663206459,94.559784698193,99.7116493656286,1.0487090164941926,1.4115799989011575,0.001,1.1829824850429753,70.50978735052094,False
LBFGSB,DMA2,DW,grouped,set001,14,2.9881862882334786,81.35332564398308,92.42599000384467,99.76931949250289,1.2572172345240298,1.604574056718973,0.01,2.069516925759359,48.782988897062594,False
LBFGSB,DMA2,DW,grouped,set001,15,2.629067074503567,63.03344867358708,77.48942714340639,99.61553248750481,3.0959322753950316,3.7929362191703473,0.1,6.307328161718873,31.990881135271074,False
LBFGSB,DMA2,HW,nongrouped,set001,0,3.50451379149915,80.62283737024222,94.2714340638216,99.59630911188005,1.2622861987994252,1.6806075557784246,0.0,1.262286198718357,127.94147306382906,False
LBFGSB,DMA2,HW,nongrouped,set001,1,3.507645001972705,80.50749711649365,94.30988081507112,99.59630911188005,1.2619702598479998,1.6748634869958596,1e-15,1.2619702597381621,130.09032684378903,False
LBFGSB,DMA2,HW,nongrouped,set001,2,3.519148703426808,80.56516724336792,94.30988081507112,99.59630911188005,1.2620070391115916,1.679156466925979,1e-14,1.2620070392285503,124.81130609207398,False
LBFGSB,DMA2,HW,nongrouped,set001,3,3.486035822359085,80.56516724336792,94.30988081507112,99.59630911188005,1.264708480270199,1.6682413994375198,1e-13,1.2647084823928632,118.24741416180521,False
LBFGSB,DMA2,HW,nongrouped,set001,4,3.498170918651468,80.52672049211841,94.2714340638216,99.59630911188005,1.2620964487141328,1.6723214091595942,1e-12,1.2620964717208931,125.62207842198005,False
LBFGSB,DMA2,HW,nongrouped,set001,5,3.5106013283370743,80.50749711649365,94.29065743944636,99.59630911188005,1.261991489349998,1.6758911027163101,1.0000000000000001e-11,1.261991724278034,133.5887747421005,False
LBFGSB,DMA2,HW,nongrouped,set001,6,3.512521879924577,80.5843906189927,94.29065743944636,99.59630911188005,1.2619861574867157,1.6752088477993332,1e-10,1.2619884661908787,130.2269490017621,False
LBFGSB,DMA2,HW,nongrouped,set001,7,3.509202888131938,80.60361399461745,94.23298731257209,99.59630911188005,1.2623234613061645,1.680502179670786,1e-09,1.2623469437760728,125.38539382067644,False
LBFGSB,DMA2,HW,nongrouped,set001,8,3.507674443762241,80.4882737408689,94.32910419069589,99.59630911188005,1.2620377570691232,1.6773102651890965,1e-08,1.2622684208783703,124.43111089251194,False
LBFGSB,DMA2,HW,nongrouped,set001,9,3.499626750582266,80.44982698961938,94.21376393694733,99.59630911188005,1.262420844747292,1.6775050100113846,1e-07,1.2647620514144469,146.969222708843,False
LBFGSB,DMA2,HW,nongrouped,set001,10,3.5371229433147278,80.73817762399077,94.2714340638216,99.59630911188005,1.2635886674326775,1.6768227387331236,1e-06,1.286162638889324,133.6134608146716,False
LBFGSB,DMA2,HW,nongrouped,set001,11,3.382745787058141,77.60476739715494,92.84890426758939,99.7116493656286,1.387803695696043,1.834089876056376,9.999999999999999e-06,1.5451622926611035,96.3078370656767,False
LBFGSB,DMA2,HW,nongrouped,set001,12,3.4579104650223087,72.79892349096502,91.33025759323338,99.57708573625528,1.7079287682975612,2.341099274358189,0.0001,2.6127233304942727,91.3982314851248,False
LBFGSB,DMA2,HW,nongrouped,set001,13,4.094820092151522,55.17108804306036,76.70126874279123,98.34678969627066,3.5594956819061387,4.735417803532174,0.001,7.703916524360073,47.425177493028585,False
LBFGSB,DMA2,HW,nongrouped,set001,14,6.948763589930991,35.04421376393695,40.21530180699731,62.80276816608996,39.398762280687485,47.40248963718626,0.01,43.124359952114176,7.049638598532154,False
LBFGSB,DMA2,HW,nongrouped,set001,15,7.269172734051168,33.02575932333718,38.79277201076509,59.86159169550172,45.610961608848115,54.29663518964257,0.1,45.867408552693085,6.753860366448258,False
LBFGSB,DMA2,HW,grouped,set001,0,3.3120249656618483,77.04728950403691,93.11803152633603,99.73087274125336,1.3700260594878175,1.7778762609360188,0.0,1.370026059114025,36.642945614425265,False
LBFGSB,DMA2,HW,grouped,set001,1,3.31202496566047,77.04728950403691,93.11803152633603,99.73087274125336,1.3700260594878182,1.7778762609293168,1e-15,1.3700260590590536,36.03753143551229,False
LBFGSB,DMA2,HW,grouped,set001,2,3.3120249656632126,77.04728950403691,93.11803152633603,99.73087274125336,1.3700260594877547,1.777876260961365,1e-14,1.3700260591318352,36.417245051579904,False
LBFGSB,DMA2,HW,grouped,set001,3,3.3120249656662395,77.04728950403691,93.11803152633603,99.73087274125336,1.3700260594877374,1.7778762609545513,1e-13,1.370026059408542,36.222370964706684,False
LBFGSB,DMA2,HW,grouped,set001,4,3.312024965746616,77.04728950403691,93.11803152633603,99.73087274125336,1.3700260594858904,1.7778762612565657,1e-12,1.3700260623211313,36.95043368176142,False
LBFGSB,DMA2,HW,grouped,set001,5,3.312024966544797,77.04728950403691,93.11803152633603,99.73087274125336,1.3700260594677647,1.7778762642332873,1.0000000000000001e-11,1.3700260913888143,36.235251826253574,False
LBFGSB,DMA2,HW,grouped,set001,6,3.31202497450586,77.04728950403691,93.11803152633603,99.73087274125336,1.3700260592872433,1.7778762939364856,1e-10,1.3700263825021948,35.81805467640669,False
LBFGSB,DMA2,HW,grouped,set001,7,3.3120250541280143,77.04728950403691,93.11803152633603,99.73087274125336,1.3700260574815166,1.7778765908618392,1e-09,1.3700292932714877,36.154173010795,False
LBFGSB,DMA2,HW,grouped,set001,8,3.3120258504197864,77.04728950403691,93.11803152633603,99.73087274125336,1.3700260394622574,1.777879560381434,1e-08,1.370058401082257,36.05581706670316,False
LBFGSB,DMA2,HW,grouped,set001,9,3.312033822464798,77.04728950403691,93.11803152633603,99.73087274125336,1.3700258630103128,1.7779092696676795,1e-07,1.3703494756031989,36.02434263425316,False
LBFGSB,DMA2,HW,grouped,set001,10,3.3121144830239473,77.06651287966166,93.11803152633603,99.73087274125336,1.3700244746351058,1.7782077616113068,1e-06,1.3732598795359534,35.860704754247,False
LBFGSB,DMA2,HW,grouped,set001,11,3.5538266242651986,78.3352556708958,93.44482891195693,99.59630911188005,1.3382894232661982,1.7711454601722887,9.999999999999999e-06,1.3792389101535234,49.93450892169778,False
LBFGSB,DMA2,HW,grouped,set001,12,3.328817701131797,77.22029988465975,92.90657439446368,99.73087274125336,1.371401533100656,1.8036205183239864,0.0001,1.6888769706764142,37.837019058046636,False
LBFGSB,DMA2,HW,grouped,set001,13,3.477461098440642,77.77777777777779,91.13802383698577,99.50019223375625,1.5873720182956472,2.2503802427897504,0.001,4.17707172171917,43.62568174430739,False
LBFGSB,DMA2,HW,grouped,set001,14,3.8322737741883373,68.319876970396,76.58592848904267,93.54094579008074,4.9296675845928,6.991365087948146,0.01,20.600999395802212,22.106618565343098,False
LBFGSB,DMA2,HW,grouped,set001,15,7.091344539695683,33.910034602076124,39.350249903883125,61.16878123798539,42.534294327684385,50.79047950272355,0.1,44.388299413386264,8.053040049270354,False
SCP,DMA1,DW,nongrouped,set001,0,5.095630659322964,80.11291203788016,89.3462028774358,99.12584228737936,1.9852192950207588,2.669658026258817,0.0,1.9852192950207588,98.70812661454502,False
SCP,DMA1,DW,nongrouped,set001,1,5.09565148586853,80.11291203788016,89.3462028774358,99.12584228737936,1.9852252167126074,2.6696472325319753,1e-15,1.9852252169789357,97.5726335688502,False
SCP,DMA1,DW,nongrouped,set001,2,5.095688387871263,80.11291203788016,89.3462028774358,99.12584228737936,1.98521804390868,2.66961020119998,1e-14,1.9852180465794165,97.64781961575967,False
SCP,DMA1,DW,nongrouped,set001,3,11.744683633605533,41.50427973046804,46.6581679111273,67.96576215625569,77.39722708202783,71.21834135198708,1e-13,,,True
SCP,DMA1,DW,nongrouped,set001,4,11.744683633605533,41.50427973046804,46.6581679111273,67.96576215625569,77.39722708202783,71.21834135198708,1e-12,,,True
SCP,DMA1,DW,nongrouped,set001,5,5.128271657160539,80.27681660899654,89.3462028774358,99.12584228737936,1.97744059779009,2.6671859791628663,1.0000000000000001e-11,1.9774438207720866,119.9276872016834,True
SCP,DMA1,DW,nongrouped,set001,6,5.120185850994119,80.25860498998361,89.32799125842288,99.12584228737936,1.9794734759187025,2.6663188122154717,1e-10,1.9795034745142914,114.81916710861718,True
SCP,DMA1,DW,nongrouped,set001,7,5.126181973969011,80.38608632307412,89.41904935348752,99.10763066836643,1.982784393868897,2.6617818531589266,1e-09,1.983049331907313,92.45812062682839,False
SCP,DMA1,DW,nongrouped,set001,8,5.128701976616384,80.22218175195775,89.3462028774358,99.12584228737936,1.9772995457831115,2.6669515604260314,1e-08,1.9795099083727878,110.84433390929465,False
SCP,DMA1,DW,nongrouped,set001,9,5.123193030152919,80.11291203788016,89.36441449644873,99.12584228737936,1.9784611474672935,2.6692128477900114,1e-07,1.9917339257613396,111.65177706875609,False
SCP,DMA1,DW,nongrouped,set001,10,5.074400959785564,80.24039337097068,89.38262611546166,99.0894190493535,1.9956826310609936,2.670700678807748,1e-06,2.064861357818258,120.77295049013738,False
SCP,DMA1,DW,nongrouped,set001,11,5.045235276880845,81.89765070114733,89.83791659078491,99.0894190493535,2.0408662102044377,2.638468226400008,9.999999999999999e-06,2.5983309001230506,132.05559637657606,False
SCP,DMA1,DW,nongrouped,set001,12,5.068002852948965,78.76525223092334,89.74685849572028,99.05299581132763,2.500238118337705,2.802547250981667,0.0001,6.3693449721378155,187.581693839495,False
SCP,DMA1,DW,nongrouped,set001,13,5.429551824962061,63.704243307230016,74.12128938262612,98.37916590784921,5.488995723532409,5.032049288828346,0.001,33.06547006832457,182.5396220040032,False
SCP,DMA1,DW,nongrouped,set001,14,7.865941328932237,46.985977053360045,55.96430522673466,85.55818612274632,21.776014449581602,19.315444061961326,0.01,247.26264153800133,81.6102283030811,False
SCP,DMA1,DW,nongrouped,set001,15,12.97351223359297,43.1069022036059,47.805499908941904,62.28373702422145,108.92167471268306,98.99267240097961,0.1,2011.3113884448512,40.004373599302006,False
SCP,DMA1,DW,grouped,set001,0,4.950178892643862,73.72063376434164,87.87106173738846,98.92551447823712,2.470384057991868,3.206111945566896,0.0,2.470384057991868,28.733769866388382,False
SCP,DMA1,DW,grouped,set001,1,4.950178890535952,73.72063376434164,87.87106173738846,98.92551447823712,2.470384060860877,3.2061119524851063,1e-15,2.4703840608634655,28.17469077720562,False
SCP,DMA1,DW,grouped,set001,2,4.950178891633897,73.72063376434164,87.87106173738846,98.92551447823712,2.4703840612473904,3.2061119524575497,1e-14,2.470384061273275,27.732306297367117,False
SCP,DMA1,DW,grouped,set001,3,18.73769745553315,33.18156984155892,35.16663631396831,45.98433800764888,244.43253484245764,222.9421522674915,1e-13,,,True
SCP,DMA1,DW,grouped,set001,4,18.73769745553315,33.18156984155892,35.16663631396831,45.98433800764888,244.43253484245764,222.9421522674915,1e-12,,,True
SCP,DMA1,DW,grouped,set001,5,18.73769745553315,33.18156984155892,35.16663631396831,45.98433800764888,244.43253484245764,222.9421522674915,1.0000000000000001e-11,,,True
SCP,DMA1,DW,grouped,set001,6,18.73769745553315,33.18156984155892,35.16663631396831,45.98433800764888,244.43253484245764,222.9421522674915,1e-10,,,True
SCP,DMA1,DW,grouped,set001,7,18.73769745553315,33.18156984155892,35.16663631396831,45.98433800764888,244.43253484245764,222.9421522674915,1e-09,,,True
SCP,DMA1,DW,grouped,set001,8,4.950209023916059,73.72063376434164,87.87106173738846,98.92551447823712,2.4703821228215803,3.2061074395762996,1e-08,2.470408019220692,29.72134749285751,False
SCP,DMA1,DW,grouped,set001,9,4.950086712560051,73.70242214532871,87.87106173738846,98.92551447823712,2.4703895020088074,3.20628333097569,1e-07,2.470647920133974,27.355246095153372,False
SCP,DMA1,DW,grouped,set001,10,4.94927718871557,73.7570570023675,87.85285011837553,98.94372609725005,2.4704557200168313,3.207805215331378,1e-06,2.4730026493748984,27.99668708192907,False
SCP,DMA1,DW,grouped,set001,11,4.942996427259345,73.31997814605718,87.8346384993626,98.88909124021126,2.472214171950706,3.2211413129712505,9.999999999999999e-06,2.494891044974171,27.93004208509401,False
SCP,DMA1,DW,grouped,set001,12,4.935543154241003,71.58987433982881,87.90748497541432,98.92551447823712,2.4917916592836957,3.275778278151794,0.0001,2.6640959888547413,27.87552606367509,False
SCP,DMA1,DW,grouped,set001,13,4.9995130239443455,70.87962119832453,87.16080859588418,98.59770533600437,2.587565158648687,3.52963503692231,0.001,4.078856175705581,52.29630087420663,False
SCP,DMA1,DW,grouped,set001,14,5.5136338489492545,56.783828082316525,70.1329448187944,94.77326534328901,6.189451074650907,7.8624290004004065,0.01,13.592537089843795,31.005478333019692,False
SCP,DMA1,DW,grouped,set001,15,7.38356933401235,59.38808960116554,66.32671644509198,88.65416135494445,20.98730827502075,21.529453675996074,0.1,40.163942236202715,20.213797409884865,False
SCP,DMA1,HW,nongrouped,set001,0,5.238613567051928,73.7570570023675,87.90748497541432,99.12584228737936,2.2670281232159946,3.1355495143956675,0.0,2.2670281232159946,38.23116093271517,False
SCP,DMA1,HW,nongrouped,set001,1,5.258202810686157,74.33982881078128,88.12602440356947,98.99836095428883,2.2493801892254273,3.085057256236153,1e-15,2.2493802297374534,44.02790703642243,False
SCP,DMA1,HW,nongrouped,set001,2,5.2329478947650045,74.3580404297942,88.12602440356947,99.03478419231469,2.263171021302094,3.080792396906924,1e-14,2.2631714415988244,41.46891091988435,False
SCP,DMA1,HW,nongrouped,set001,3,16.714627379269928,34.38353669641231,36.69641231105445,51.17464942633399,178.47087221957207,163.18799528669237,1e-13,178.47087988905207,14.358259199698903,True
SCP,DMA1,HW,nongrouped,set001,4,4.786466677452154,66.36313968311784,84.08304498269896,98.72518666909488,2.614994894530018,3.848659414991093,1e-12,,,True
SCP,DMA1,HW,nongrouped,set001,5,5.237677718156476,73.629575669277,87.90748497541432,98.9801493352759,2.2640528221368696,3.1720488952360024,1.0000000000000001e-11,2.264443801731988,73.3269528510085,True
SCP,DMA1,HW,nongrouped,set001,6,5.257845717307205,74.39446366782006,88.21708249863413,98.99836095428883,2.245544686754012,3.0793504537944054,1e-10,2.2491933176737313,79.68407523993636,True
SCP,DMA1,HW,nongrouped,set001,7,5.146638235926687,73.4474594791477,87.76179202331087,99.05299581132763,2.2720571405537813,3.1132499900607584,1e-09,2.3089665899582776,57.14380912870169,False
SCP,DMA1,HW,nongrouped,set001,8,5.108233412009994,72.70078309961757,87.65252230923329,99.12584228737936,2.2850620511429245,3.1577127387201633,1e-08,2.606415971903202,64.68124775460626,False
SCP,DMA1,HW,nongrouped,set001,9,5.260687100023674,75.08650519031141,88.27171735567292,98.99836095428883,2.2513721557237165,3.0639002259864108,1e-07,4.791632258947585,198.3561429695653,False
SCP,DMA1,HW,nongrouped,set001,10,4.963321298425498,74.83154252413038,87.39755964305228,99.0894190493535,2.3861325524068717,3.1013735509996234,1e-06,26.60103538584233,231.3358937950148,False
SCP,DMA1,HW,nongrouped,set001,11,4.631602659256075,66.74558368238937,81.89765070114733,99.18047714441813,3.6720842763075736,3.8230101528296516,9.999999999999999e-06,241.0082116711819,195.9849100987118,False
SCP,DMA1,HW,nongrouped,set001,12,5.910916285553284,44.27244582043344,56.310325987980335,82.0615552722637,20.381066123472394,18.22971792762908,0.0001,2339.55137143406,177.97745154226473,False
SCP,DMA1,HW,nongrouped,set001,13,16.324396009370318,14.205062830085593,20.37880167546895,39.628482972136226,303.9264961713749,276.0020728019178,0.001,22687.91777361999,164.66317725351993,False
SCP,DMA1,HW,nongrouped,set001,14,57.42909953551312,9.925332362046985,11.090875978874521,20.579129484611183,4166.760640336547,3781.3019568787086,0.01,220423.37449044953,64.52016534651771,False
SCP,DMA1,HW,nongrouped,set001,15,124.26078221359403,4.989983609542889,7.885631032598798,12.42032416681843,16790.166673718482,15368.465424766395,0.1,2136137.7435094523,77.21192368227464,False
SCP,DMA1,HW,grouped,set001,0,5.073064172102249,67.7836459661264,85.08468402841012,98.77982152613367,2.5340401602989204,3.5178737126415,0.0,2.5340401602989204,38.76300189896156,False
SCP,DMA1,HW,grouped,set001,1,5.073063998003192,67.7836459661264,85.08468402841012,98.77982152613367,2.534040176249877,3.5178740281754983,1e-15,2.534040176850237,38.0717217251467,False
SCP,DMA1,HW,grouped,set001,2,5.073064460396594,67.7836459661264,85.08468402841012,98.77982152613367,2.534040135935415,3.5178731913636327,1e-14,2.5340401419390197,38.91429182420064,False
SCP,DMA1,HW,grouped,set001,3,16.714627379269928,34.38353669641231,36.69641231105445,51.17464942633399,178.47087221957207,163.18799528669237,1e-13,,,True
SCP,DMA1,HW,grouped,set001,4,5.073039869783386,67.7836459661264,85.08468402841012,98.77982152613367,2.5340421055302254,3.517906299164334,1e-12,2.5340427059067876,40.31102766325082,False
SCP,DMA1,HW,grouped,set001,5,5.0730617859125005,67.7836459661264,85.08468402841012,98.77982152613367,2.5340403978744668,3.5178782124417505,1.0000000000000001e-11,2.5340464016337574,37.9818687663593,False
SCP,DMA1,HW,grouped,set001,6,5.073064215749568,67.7836459661264,85.08468402841012,98.77982152613367,2.5340402357509064,3.5178731820774938,1e-10,2.534100275806977,38.02492900278857,False
SCP,DMA1,HW,grouped,set001,7,5.0728401339225115,67.76543434711346,85.08468402841012,98.77982152613367,2.533965159968354,3.5181373252070243,1e-09,2.534530942992207,38.43992010675243,False
SCP,DMA1,HW,grouped,set001,8,5.070253737455246,67.69258787106173,85.08468402841012,98.7980331451466,2.5330270732678404,3.5198561209317285,1e-08,2.538037749775567,37.98658623167331,False
SCP,DMA1,HW,grouped,set001,9,5.038673896311863,67.01875796758333,84.6476051720998,98.83445638317247,2.542788364293887,3.5583369242143226,1e-07,2.5891932376492837,33.737948864900005,False
SCP,DMA1,HW,grouped,set001,10,4.9762466530061715,66.29029320706611,84.30158441085412,98.83445638317247,2.5734402435407384,3.6034702964570213,1e-06,2.993144580907982,24.20963166988863,False
SCP,DMA1,HW,grouped,set001,11,4.959739807660142,68.36641777454015,86.3959205973411,98.68876343106902,2.661620226469954,3.5811039718176882,9.999999999999999e-06,6.587369334768702,79.25366448257574,False
SCP,DMA1,HW,grouped,set001,12,4.625877786558604,61.68275359679476,74.21234747769077,98.65234019304316,4.282948823091874,4.512710044929373,0.0001,37.014626113075735,85.31210630763178,False
SCP,DMA1,HW,grouped,set001,13,6.3164717743182734,52.176288472045165,63.831724640320516,96.83117829175015,9.490940455301619,8.222443107732666,0.001,316.97003204088116,80.41618779190118,False
SCP,DMA1,HW,grouped,set001,14,14.108115617953459,18.10234929885267,26.060826807503183,45.58368238936442,107.27248273133007,95.5973985316139,0.01,2913.4796122833477,78.2865708346877,False
SCP,DMA1,HW,grouped,set001,15,34.06080316013558,8.814423602258241,13.440174831542523,28.592241850300493,1174.360439946671,1066.3936948664957,0.1,26126.49153857502,76.53286358270748,False
SCP,DMA2,DW,nongrouped,set001,0,3.407729936761882,86.639753940792,94.50211457131871,99.61553248750481,0.9883866194871435,1.3846544514003305,0.0,0.9883866194871435,86.36369305253794,False
SCP,DMA2,DW,nongrouped,set001,1,3.4114957250748716,86.9281045751634,95.00192233756248,99.61553248750481,0.9724476905114521,1.3368676250087805,1e-15,0.9724476906616502,128.01191341761756,False
SCP,DMA2,DW,nongrouped,set001,2,3.4133496967127854,86.90888119953864,94.94425221068819,99.61553248750481,0.9754174731208602,1.349714264349866,1e-14,0.9754174744319388,92.96347621165722,False
SCP,DMA2,DW,nongrouped,set001,3,5.380893020991962,36.00538254517494,41.65705497885428,69.66551326412919,25.541637629789523,30.433793810399457,1e-13,,,True
SCP,DMA2,DW,nongrouped,set001,4,3.4122512321971925,86.81276432141483,94.98269896193771,99.61553248750481,0.9759733733316205,1.3463382663927042,1e-12,,,False
SCP,DMA2,DW,nongrouped,set001,5,3.4108860963093406,86.7358708189158,94.94425221068819,99.61553248750481,0.975995426131716,1.347919352910852,1.0000000000000001e-11,0.9759962648037551,139.34662592168067,False
SCP,DMA2,DW,nongrouped,set001,6,3.413277885446689,86.87043444828913,94.98269896193771,99.61553248750481,0.9757432883907282,1.3456748422701656,1e-10,0.9757520094708683,87.92442517920381,False
SCP,DMA2,DW,nongrouped,set001,7,3.4115605951528067,86.85121107266436,94.94425221068819,99.61553248750481,0.975621074401126,1.3486214917366288,1e-09,0.9757147725009901,102.08313431303783,False
SCP,DMA2,DW,nongrouped,set001,8,3.411117398638055,86.87043444828913,94.98269896193771,99.61553248750481,0.9727784850108917,1.3377657818161202,1e-08,0.9735932529383502,129.51790070655056,False
SCP,DMA2,DW,nongrouped,set001,9,3.4123699462727473,86.88965782391388,95.05959246443676,99.61553248750481,0.9751658181322004,1.340115655249806,1e-07,0.9788392785405224,116.40671436880913,False
SCP,DMA2,DW,nongrouped,set001,10,3.4122254511936916,86.69742406766629,95.00192233756248,99.61553248750481,0.9808904940465054,1.3507917402455514,1e-06,0.9988163824169825,114.84261115768224,False
SCP,DMA2,DW,nongrouped,set001,11,3.4094746656828363,86.50519031141869,94.98269896193771,99.61553248750481,0.9911805565936397,1.3607702958181949,9.999999999999999e-06,1.1222439728441909,150.2323807161309,False
SCP,DMA2,DW,nongrouped,set001,12,3.37477143674667,85.31334102268359,94.25221068819684,99.67320261437908,1.0368879270916613,1.4390936796226947,0.0001,2.1940556450864594,115.48843301455871,False
SCP,DMA2,DW,nongrouped,set001,13,3.3395923049253184,76.93194925028835,87.37024221453287,99.61553248750481,1.64522307231299,2.450474099495237,0.001,11.771300193823102,52.723138675517085,False
SCP,DMA2,DW,nongrouped,set001,14,4.007425427582504,52.210688196847364,61.16878123798539,90.67666282199154,7.87871624312356,10.559013076586105,0.01,91.64563535452889,80.16804270097343,False
SCP,DMA2,DW,nongrouped,set001,15,6.560042745540883,37.56247597078047,42.98346789696271,66.85890042291427,33.081519622732245,40.23983804377961,0.1,760.7682560334588,72.06800207003917,False
SCP,DMA2,DW,grouped,set001,0,3.380459121413949,85.56324490580546,94.86735870818916,99.63475586312957,1.020941070733133,1.3911175328668637,0.0,1.020941070733133,66.63671838913315,False
SCP,DMA2,DW,grouped,set001,1,3.380488999595755,85.56324490580546,94.86735870818916,99.63475586312957,1.020930741184954,1.3911340900420086,1e-15,1.0209307411863162,60.314668194960056,False
SCP,DMA2,DW,grouped,set001,2,3.3805697312777454,85.56324490580546,94.86735870818916,99.63475586312957,1.0209470928385191,1.3913559262374633,1e-14,1.0209470928521511,58.950967871623355,False
SCP,DMA2,DW,grouped,set001,3,8.645878511491745,29.354094579008073,34.159938485198,52.479815455594,69.89100321408812,82.06916321112423,1e-13,,,True
SCP,DMA2,DW,grouped,set001,4,8.645878511491745,29.354094579008073,34.159938485198,52.479815455594,69.89100321408812,82.06916321112423,1e-12,,,True
SCP,DMA2,DW,grouped,set001,5,3.3844336341612262,85.46712802768167,94.7520184544406,99.63475586312957,1.0230682903497998,1.399740745468229,1.0000000000000001e-11,1.0230683030348944,71.92576942158658,True
SCP,DMA2,DW,grouped,set001,6,3.380576699671451,85.56324490580546,94.86735870818916,99.63475586312957,1.0209513485078263,1.3913782150978258,1e-10,1.0209514847165082,66.64285066634733,False
SCP,DMA2,DW,grouped,set001,7,3.380790237440351,85.56324490580546,94.86735870818916,99.63475586312957,1.0209538443013209,1.3914247569533638,1e-09,1.0209552059991585,59.83332805844012,False
SCP,DMA2,DW,grouped,set001,8,3.38056440337634,85.56324490580546,94.86735870818916,99.63475586312957,1.0209474576902091,1.3913921629596187,1e-08,1.0209610623705758,59.03788642156947,False
SCP,DMA2,DW,grouped,set001,9,3.3821582364278413,85.58246828143022,94.92502883506344,99.63475586312957,1.0210890009528766,1.3887294595703257,1e-07,1.0212029042265656,58.89101286503687,False
SCP,DMA2,DW,grouped,set001,10,3.3796772937778172,85.5440215301807,94.8481353325644,99.63475586312957,1.0207593975980453,1.3908924940274014,1e-06,1.021876188165653,60.64399816946949,False
SCP,DMA2,DW,grouped,set001,11,3.3770765409722827,85.52479815455594,94.88658208381392,99.63475586312957,1.0217765641286318,1.3902488346368533,9.999999999999999e-06,1.0300860925796,59.07873676286931,False
SCP,DMA2,DW,grouped,set001,12,3.366033204944415,85.56324490580546,94.88658208381392,99.63475586312957,1.0288997032129328,1.3951334132809827,0.0001,1.0904208865289864,58.940710057653156,False
SCP,DMA2,DW,grouped,set001,13,3.265655392746595,83.56401384083046,93.6562860438293,99.73087274125336,1.1213959043325787,1.5030970840192261,0.001,1.5008505522065034,33.707665988058785,False
SCP,DMA2,DW,grouped,set001,14,2.836432582209625,77.06651287966166,88.42752787389465,99.78854286812764,1.6452416236535332,2.12054186279346,0.01,4.097370924021232,29.213037397567277,False
SCP,DMA2,DW,grouped,set001,15,3.6036670281022936,48.308342945021145,57.8239138792772,92.36831987697039,7.845261756511501,9.889775804229192,0.1,16.533086357340913,24.667690281080525,False
SCP,DMA2,HW,nongrouped,set001,0,3.507711578464253,80.50749711649365,94.69434832756633,99.59630911188005,1.260685574352304,1.6516971001826792,0.0,1.260685574352304,80.01000975142422,False
SCP,DMA2,HW,nongrouped,set001,1,3.499678924040552,79.41176470588235,94.48289119569397,99.59630911188005,1.3205275579298554,1.6933645308330258,1e-15,1.320527626313198,45.96491711289412,False
SCP,DMA2,HW,nongrouped,set001,2,3.510808329702442,80.83429450211457,94.61745482506728,99.59630911188005,1.2443878404750544,1.6406211035086358,1e-14,1.2443884823318783,104.4993670128137,False
SCP,DMA2,HW,nongrouped,set001,3,3.5130093803907982,81.10342176086121,94.52133794694349,99.59630911188005,1.2350475586473906,1.6386560765996487,1e-13,1.2350540801322403,163.12770602022138,True
SCP,DMA2,HW,nongrouped,set001,4,3.5208544709422256,80.77662437524029,94.52133794694349,99.59630911188005,1.2545001710982706,1.6512396611846933,1e-12,1.2545647871192938,87.1333002583272,True
SCP,DMA2,HW,nongrouped,set001,5,3.5107825051473753,81.0073048827374,94.54056132256824,99.59630911188005,1.2391052012775237,1.6389985590079383,1.0000000000000001e-11,1.2396798333149381,97.51197586094811,False
SCP,DMA2,HW,nongrouped,set001,6,3.516031362139671,80.52672049211841,94.69434832756633,99.59630911188005,1.2632971500595636,1.6573872405029735,1e-10,1.268943240888622,92.77837493370743,False
SCP,DMA2,HW,nongrouped,set001,7,3.50988490859946,80.18069973087275,94.559784698193,99.59630911188005,1.2895747490144567,1.675702165626618,1e-09,1.3450816464323092,70.33433356713941,False
SCP,DMA2,HW,nongrouped,set001,8,3.4888821854066094,80.54594386774318,94.54056132256824,99.59630911188005,1.2543369928742485,1.6335196604923026,1e-08,1.6368369788944783,130.4746343215917,False
SCP,DMA2,HW,nongrouped,set001,9,3.4700557774081346,79.4886582083814,93.96386005382546,99.59630911188005,1.2817945749371105,1.671416789443998,1e-07,4.671227607803667,206.6717379775204,False
SCP,DMA2,HW,nongrouped,set001,10,3.2984160989140605,76.20146097654748,91.21491733948481,99.65397923875432,1.5151948344802346,1.8632996292644193,1e-06,34.45180107152172,95.75238268352352,False
SCP,DMA2,HW,nongrouped,set001,11,2.934718106317902,54.11380238369857,75.7208765859285,99.03883121876201,4.0565892238728285,4.163093414659689,9.999999999999999e-06,324.2276636061611,164.82557268232597,False
SCP,DMA2,HW,nongrouped,set001,12,8.3240418900766,31.93002691272587,40.830449826989614,66.99346405228758,40.478776531723426,40.9046089237953,0.0001,3141.3471915947307,147.27973286229962,False
SCP,DMA2,HW,nongrouped,set001,13,21.711050036200547,10.611303344867359,16.147635524798154,33.102652825836216,320.38778648037083,336.66333769830726,0.001,30369.64738294812,70.62759396438165,False
SCP,DMA2,HW,nongrouped,set001,14,59.1444091860249,5.786236063052672,7.324106113033449,11.937716262975778,2690.084126348507,2878.200038474657,0.01,295030.2447915826,145.81712700802353,False
SCP,DMA2,HW,nongrouped,set001,15,156.67729411345857,5.594002306805075,5.613225682429835,7.612456747404845,17606.73945975025,19219.06328592561,0.1,2891338.6760565876,142.8091158708706,False
SCP,DMA2,HW,grouped,set001,0,3.4196204141803435,78.56593617839293,93.77162629757785,99.63475586312957,1.303122574044083,1.7184460265421713,0.0,1.303122574044083,33.40149906762698,False
SCP,DMA2,HW,grouped,set001,1,3.4196204149845357,78.56593617839293,93.77162629757785,99.63475586312957,1.3031225735138314,1.7184460295531407,1e-15,1.3031225740802321,32.56768258258772,False
SCP,DMA2,HW,grouped,set001,2,3.4196204192639357,78.56593617839293,93.77162629757785,99.63475586312957,1.303122573164252,1.718446036141315,1e-14,1.3031225788282594,32.94511658939661,False
SCP,DMA2,HW,grouped,set001,3,3.4146749624911763,78.35447904652057,93.75240292195309,99.63475586312957,1.306216524345169,1.7109252416663727,1e-13,1.306216579608137,66.19772851692814,False
SCP,DMA2,HW,grouped,set001,4,3.408864430092322,78.35447904652057,93.90618992695117,99.63475586312957,1.3125194853418396,1.703399108512032,1e-12,1.3125200296075024,26.440898243032866,False
SCP,DMA2,HW,grouped,set001,5,3.419634633804492,78.56593617839293,93.77162629757785,99.63475586312957,1.303121776608934,1.7184545204713955,1.0000000000000001e-11,1.303127439661854,32.44114416710862,False
SCP,DMA2,HW,grouped,set001,6,3.419627507204993,78.58515955401768,93.75240292195309,99.63475586312957,1.3031731724706581,1.7180619166481281,1e-10,1.3032297550151983,33.08465219920278,False
SCP,DMA2,HW,grouped,set001,7,3.4196254413648575,78.56593617839293,93.77162629757785,99.63475586312957,1.3031226956806896,1.7184515926315582,1e-09,1.303688963886873,32.40964492840402,False
SCP,DMA2,HW,grouped,set001,8,3.4197546258153153,78.58515955401768,93.79084967320262,99.63475586312957,1.3032160492193339,1.7186281827073866,1e-08,1.3085583472180469,32.50117615862317,False
SCP,DMA2,HW,grouped,set001,9,3.422354701855568,78.54671280276817,93.75240292195309,99.63475586312957,1.3035818372877206,1.7221635786814622,1e-07,1.354438098934962,32.49680213162712,False
SCP,DMA2,HW,grouped,set001,10,3.4095966784876595,78.31603229527106,93.71395617070357,99.63475586312957,1.3194450286746848,1.7353093098270578,1e-06,1.7703585435510494,32.61303654217919,False
SCP,DMA2,HW,grouped,set001,11,3.2813912732098487,76.23990772779699,93.23337178008458,99.7116493656286,1.3946397963158292,1.783553988054911,9.999999999999999e-06,5.629469160399188,99.18204369322362,False
SCP,DMA2,HW,grouped,set001,12,2.611502827091357,67.8969627066513,87.35101883890812,99.7116493656286,2.4196617941666188,2.515095677689669,0.0001,41.52938098196707,100.24616657827656,False
SCP,DMA2,HW,grouped,set001,13,5.4492637082991,41.63783160322952,59.16955017301038,91.90695886197616,12.781144976392909,11.502436017640896,0.001,370.80239396745696,44.58588267496963,False
SCP,DMA2,HW,grouped,set001,14,17.35334125037697,7.074202229911572,10.419069588619761,31.564782775855438,215.50442286794274,223.05748636412164,0.01,3281.9543110758914,130.37787667014524,False
SCP,DMA2,HW,grouped,set001,15,36.632049937253846,5.786236063052672,6.055363321799308,14.782775855440217,1225.5135397003908,1270.2381683750664,0.1,28420.608022551583,97.78705669512257,False
